{
  "timestamp": "2025-12-02T15:57:45.389118",
  "summary": {
    "total": 127,
    "blocked": 0,
    "approved": 127,
    "average_risk": 0.10096662103431674,
    "avg_confidence": 0.921614173228347,
    "threat_count": 0
  },
  "alerts": [],
  "transactions_processed": 127,
  "threats_detected": 15,
  "fraud_network": {
    "Toronto": [
      "T2747874",
      "T1419872",
      "T4406907",
      "T2427991",
      "T3280581",
      "T4657560",
      "T4717446",
      "T4851613",
      "T4754745",
      "T1425358",
      "T1977115",
      "T3497775",
      "T4705593",
      "T3637286",
      "T1854880"
    ],
    "Tokyo": [
      "T4614497",
      "T1221295",
      "T4500301",
      "T4919786",
      "T869883",
      "T4214537",
      "T1896906",
      "T3152680",
      "T4111974",
      "T3409030",
      "T1456130",
      "T3065870",
      "T3594731",
      "T3322292",
      "T5002589",
      "T3499922"
    ],
    "Dubai": [
      "T4425934",
      "T4619825",
      "T363364",
      "T3860224",
      "T932757",
      "T3749784",
      "T3761397",
      "T4322123",
      "T4752798",
      "T2256376",
      "T2461126",
      "T2734319",
      "T4672491",
      "T2468152",
      "T3832186",
      "T4282841",
      "T3011192",
      "T4767600"
    ],
    "Berlin": [
      "T3417143",
      "T3470123",
      "T4163089",
      "T2322619",
      "T599478",
      "T4537529",
      "T4423113",
      "T1439294",
      "T3785550",
      "T2527802",
      "T3640374",
      "T4831276",
      "T518056",
      "T4134575",
      "T1442833",
      "T574522",
      "T2615711",
      "T1834263",
      "T1111139",
      "T2576083",
      "T3023298",
      "T4625402"
    ],
    "London": [
      "T4523731",
      "T4218232",
      "T115610",
      "T2908959",
      "T2805827",
      "T2579225",
      "T4773191",
      "T2987217",
      "T2443984",
      "T4851733",
      "T2493720",
      "T1654326",
      "T3700645",
      "T2048575",
      "T4629943",
      "T1051709"
    ],
    "New York": [
      "T3383124",
      "T1652480",
      "T828992",
      "T414382",
      "T759585",
      "T4350883",
      "T3832253",
      "T3157368",
      "T889205",
      "T3246670",
      "T581764",
      "T4381313"
    ],
    "Singapore": [
      "T2990895",
      "T3818956",
      "T723080",
      "T3742566",
      "T1462836",
      "T3662496",
      "T1035271",
      "T5098068",
      "T4812660",
      "T3922333",
      "T4763440",
      "T4135468",
      "T4370747",
      "T3389601"
    ],
    "Sydney": [
      "T1312208",
      "T3534847",
      "T1653179",
      "T2277601",
      "T4155801",
      "T3517281",
      "T3991095",
      "T2842037",
      "T3370142",
      "T2407345",
      "T4472679",
      "T1045642",
      "T2299430",
      "T4296949"
    ]
  }
}